{"cameraMode":{"drawMode":0,"name":"Shaded","section":"Shading Mode"},"sceneLighting":true,"audioPlay":false,"sceneViewState":{"m_AlwaysRefresh":false,"showFog":true,"showSkybox":true,"showFlares":true,"showImageEffects":true,"showParticleSystems":true,"showVisualEffectGraphs":true,"m_FxEnabled":true},"in2DMode":false,"pivot":{"x":-14.572830200195313,"y":-16.30599021911621,"z":32.233402252197269},"rotation":{"x":0.11350560933351517,"y":-0.06552401930093765,"z":0.007502267137169838,"w":0.991346001625061},"size":33.51738357543945,"orthographic":false}